{"_runtime":6.088058,"MAE":0.3426838517189026,"MAPE":26.282262802124023,"epoch":1,"bid":2048,"loss":0.001629393664188683,"RMSE":0.4479273855686188,"_wandb":{"runtime":6},"_step":130,"_timestamp":1.73172584484771e+09}