{"_timestamp":1.733352736198296e+09,"apha_0.1":-0.7878650728806622,"apha_0.2":-1.2824770504716625,"apha_1.0":-3.302891916150789,"_wandb":{"runtime":1},"_runtime":1.298761724,"_step":3,"apha_0.05":-0.5051978276378944}