{"_wandb":{"runtime":4},"epoch":1,"loss":0.0040376316756010056,"_runtime":3.98157,"MAE":0.9309827089309692,"bid":2048,"_timestamp":1.73172582595024e+09,"RMSE":0.9886943101882935,"_step":130,"MAPE":100.66349506378174}