{"apha_0.1":-0.7796396937435792,"apha_0.2":-1.2663591592574377,"apha_1.0":-3.263934287711611,"_wandb":{"runtime":1},"apha_0.05":-0.501642711114174,"_timestamp":1.7334421279787903e+09,"_runtime":1.239159272,"_step":3}