{"_step":130,"bid":2048,"MAPE":31.957024335861206,"MAE":0.39143794775009155,"epoch":1,"loss":0.0009262934327125549,"RMSE":0.5026822090148926,"_wandb":{"runtime":5},"_runtime":5.075138,"_timestamp":1.7317258371639628e+09}