{"apha_0.2":-1.2824770504716625,"apha_1.0":-3.302891916150789,"_wandb":{"runtime":1},"_step":3,"apha_0.05":-0.5051978276378944,"_timestamp":1.733352865289654e+09,"_runtime":1.121007659,"apha_0.1":-0.7878650728806622}