{"_step":130,"loss":0.005444440525025129,"RMSE":0.7199873328208923,"MAE":0.6082825660705566,"_wandb":{"runtime":1},"_runtime":1.943619,"MAPE":48.52612316608429,"bid":2048,"epoch":1,"_timestamp":1.7317258304702091e+09}